{
    "version": 1,
    "OV5647":
    {
        "adn": {
            "bf":
            [
                {
                    "gain": 1,
                    "param": {
                        "level": 5,
                        "matrix":
                        [
                            1, 2, 1,
                            2, 4, 2,
                            1, 2, 1
                        ]
                    }
                }
            ]
        },
        "aen": {
            "gamma":
            {
                "use_gamma_param": true,
                "luma_env": "ae.luma.avg",
                "luma_min_step": 16.0,
                "table":
                [
                    {
                        "luma": 71.1,
                        "gamma_param": 0.72
                    }
                ]
            },
            "sharpen":
            [
                {
                    "gain": 1,
                    "param": {
                        "h_thresh": 56,
                        "l_thresh": 10,
                        "h_coeff": 0.425,
                        "m_coeff": 0.625,
                        "matrix":
                        [
                            1, 2, 1,
                            2, 2, 2,
                            1, 2, 1
                        ]
                    }
                }
            ],
            "contrast":
            [
                {
                    "gain": 1,
                    "value": 134
                }
            ]
        },
        "ian":
        {
            "luma":
            {
                "ae":
                {
                    "weight":
                    [
                        1, 1, 1, 1, 1,
                        1, 1, 1, 1, 1,
                        1, 1, 1, 1, 1,
                        1, 1, 1, 1, 1,
                        1, 1, 1, 1, 1
                    ]
                },
                "env":
                {
                    "k": 250000,
                    "speed_param":
                    [
                        -0.005463, -0.010018, 0.000000, 0.033241, 0.085583, 0.136704,  0.160734,  0.148777,
                         0.148777,  0.160734, 0.136704, 0.085583, 0.033241, 0.000000, -0.010018, -0.005463
                    ],
                    "weight":
                    [
                        1, 1, 1, 1, 1,
                        1, 1, 1, 1, 1,
                        1, 1, 1, 1, 1,
                        1, 1, 1, 1, 1,
                        1, 1, 1, 1, 1
                    ]
                }
            }
        },
        "acc": {
            "saturation":
            [
                {
                    "color_temp": 0,
                    "value": 128
                }
            ],
            "ccm":
            {
                "low_luma":
                {
                    "luma_env": "ae.luma.avg",
                    "threshold": 28,
                    "matrix":
                    [
                        1.00,  0.00, 0.00,
                        0.00,    1.00,  0.00,
                        0.00,  0.00,  1.00
                    ]
                },
                "table":
                [
                    {
                        "color_temp": 0,
                        "matrix":
                        [
                             2.0000,  -0.5459, -0.4541,
                            -0.4751,   1.7696, -0.2945,
                            -0.2002,  -0.7998,  2.0000
                        ]
                    }
                ]
            }
        },
        "atc":
        {
            "model": 0,
            "init_value": 96,
            "delay_frames": 2,
            "luma_env": "env.luma.avg",
            "min_ae_value_step": 2,
            "luma_lut":
            [
                {
                    "luma": 80,
                    "ae_value": 115
                },
                {
                    "luma": 140,
                    "ae_value": 100
                },
                {
                    "luma": 220,
                    "ae_value": 86
                },
                {
                    "luma": 340,
                    "ae_value": 74
                }
            ]
        },
        "ext":
        {
            "brightness": 14
        },
        "af":
        {
            "model": 0,
            "windows":
            [
                {
                    "left": 680,
                    "top": 300,
                    "width": 390,
                    "height": 410
                }
            ],
            "edge_thresh": 32,
            "definition_high_threshold_ratio": 1.3,
            "definition_low_threshold_ratio": 0.7,
            "luminance_high_threshold_ratio": 1.1,
            "luminance_low_threshold_ratio": 0.9,
            "l1_scan_points_num": 10,
            "l2_scan_points_num": 10,
            "max_pos": 500,
            "max_change_time": 2000000
        }
    }
}
